<application>
  <component name="NodeJsLocalInterpreterManager">
    <local-interpreter path="/opt/homebrew/bin/node">
      <version-cache version="19.5.0" last-modified="1674642039532" />
    </local-interpreter>
    <local-interpreter path="$USER_HOME$/.nvm/versions/node/v18.12.0/bin/node">
      <version-cache version="18.12.0" last-modified="1666712850000" />
    </local-interpreter>
    <local-interpreter path="$USER_HOME$/.nvm/versions/node/v11.6.0/bin/node">
      <version-cache version="11.6.0" last-modified="1545808383000" />
    </local-interpreter>
    <local-interpreter path="$USER_HOME$/.nvm/versions/node/v10.15.0/bin/node">
      <version-cache version="10.15.0" last-modified="1545801843000" />
    </local-interpreter>
  </component>
</application>