<application>
  <component name="ParameterNameHintsSettings">
    <blacklists>
      <blacklist language="PHP" />
      <blacklist language="Ruby">
        <added pattern="Array.push(objects)" />
        <added pattern="Mastermind.find_inexact_matches(guess,code_key)" />
      </blacklist>
    </blacklists>
    <option id="ruby.non.literals" value="false" />
    <option id="js.only.show.names.for.tagged" value="false" />
    <option id="vuejs.show.names.for.filters" value="false" />
    <option id="java.enums" value="false" />
    <option id="java.new.expr" value="false" />
    <option id="js.only.show.names.for.pipes" value="false" />
    <option id="js.param.hints.show.names.for.tagged" value="false" />
    <option id="angular.show.names.for.pipes" value="false" />
    <option id="php.pass.by.reference" value="false" />
    <option id="ruby.show.param.grouping" value="false" />
    <disabledLanguages>
      <language id="JAVA" />
      <language id="TypeScript" />
      <language id="Angular2Html" />
      <language id="JavaScript" />
      <language id="Vue" />
      <language id="kotlin" />
      <language id="PHP" />
      <language id="Groovy" />
      <language id="ruby" />
      <language id="SQL" />
    </disabledLanguages>
  </component>
</application>