<application>
  <component name="ProjectManager">
    <defaultProject>
      <component name="ComposerSettings">
        <execution />
      </component>
      <component name="InspectionProjectProfileManager">
        <profile version="1.0">
          <option name="myName" value="Project Default" />
          <inspection_tool class="Eslint" enabled="true" level="WARNING" enabled_by_default="true" />
          <inspection_tool class="Rubocop" enabled="true" level="WARNING" enabled_by_default="true">
            <option name="myUseStandardGemIfPossible" value="true" />
          </inspection_tool>
          <inspection_tool class="RubyCaseWithoutElseBlockInspection" enabled="false" level="WARNING" enabled_by_default="false" />
          <inspection_tool class="RubyConvertAllHashesInFileInspections" enabled="true" level="WEAK WARNING" enabled_by_default="true" />
        </profile>
        <version value="1.0" />
      </component>
      <component name="ProjectInspectionProfilesVisibleTreeState">
        <entry key="Project Default">
          <profile-state>
            <expanded-state>
              <State />
              <State>
                <id>Code quality toolsJavaScript and TypeScript</id>
              </State>
              <State>
                <id>Gems and gem managementRuby</id>
              </State>
              <State>
                <id>JavaScript and TypeScript</id>
              </State>
              <State>
                <id>Ruby</id>
              </State>
            </expanded-state>
            <selected-state>
              <State>
                <id>Eslint</id>
              </State>
            </selected-state>
          </profile-state>
        </entry>
      </component>
      <component name="ProjectViewState">
        <option name="hideEmptyMiddlePackages" value="true" />
        <option name="showLibraryContents" value="true" />
        <option name="showMembers" value="true" />
      </component>
      <component name="PropertiesComponent"><![CDATA[{
  "keyToString": {
    "node.js.selected.package.eslint": "(autodetect)",
    "node.js.selected.package.standard": "",
    "settings.editor.selected.configurable": "Errors"
  }
}]]></component>
      <component name="WindowStateProjectService">
        <state x="422" y="189" key="SettingsEditor" timestamp="1675108552043">
          <screen x="0" y="38" width="1728" height="1030" />
        </state>
        <state x="469" y="172" key="SettingsEditor/0.25.1920.1006/1920.25.1920.1055" timestamp="1671117893967" />
        <state x="422" y="189" key="SettingsEditor/0.38.1728.1030" timestamp="1675108552043" />
      </component>
      <component name="masterDetails">
        <states>
          <state key="ProjectJDKs.UI">
            <settings>
              <last-edited>1.8</last-edited>
              <splitter-proportions>
                <option name="proportions">
                  <list>
                    <option value="0.2" />
                  </list>
                </option>
              </splitter-proportions>
            </settings>
          </state>
          <state key="ScopeChooserConfigurable.UI">
            <settings>
              <splitter-proportions>
                <option name="proportions">
                  <list>
                    <option value="0.2229885" />
                  </list>
                </option>
              </splitter-proportions>
            </settings>
          </state>
        </states>
      </component>
    </defaultProject>
  </component>
</application>